{
  "manifest_version": 1,
  "updated_at": "2025-10-03T16:23:51.848650",
  "evidence_count": 23,
  "entries": [
    {
      "evidence_id": "evidence_0001",
      "file_path": "E:\\DKI Services Case Oct-Dec 24\\.Completed Files\\Vargas, Ulesis\\welding school cert.jpg",
      "classification": {
        "assigned_section": "section_8",
        "related_sections": [
          "section_2",
          "section_6",
          "section_7"
        ],
        "evidence_type": "image",
        "tags": [
          "evidence_index",
          "media",
          "photo",
          "video",
          "image"
        ],
        "classification_method": "keyword_rules",
        "confidence": 0.88,
        "routing_notes": "Image file routed to Section 8 media catalog",
        "dependencies_cleared": true,
        "pending_dependencies": false,
        "user_name": "welding school cert.jpg"
      },
      "assigned_section": "section_8",
      "section_title": "Photo & Video Evidence Index",
      "section_tags": [
        "media",
        "photo",
        "video",
        "evidence-index"
      ],
      "timestamp": "2025-10-03T14:31:14.503748",
      "status": "indexed",
      "file_size": 672350,
      "file_type": ".jpg",
      "section_hint": "section_8",
      "source": "handoff_to_gateway",
      "tags": [
        "evidence_index",
        "media",
        "photo",
        "video",
        "image"
      ],
      "category": "media_photo",
      "related_sections": [
        "section_2",
        "section_6",
        "section_7"
      ],
      "history": [
        {
          "event": "evidence.updated",
          "timestamp": "2025-10-03T14:31:14.503748"
        }
      ],
      "last_event": "evidence.updated",
      "last_updated": "2025-10-03T14:31:14.503748"
    },
    {
      "evidence_id": "evidence_0002",
      "file_path": "E:\\DKI Services Case Oct-Dec 24\\.Completed Files\\Vargas, Ulesis\\welding school acceptance.png",
      "classification": {
        "assigned_section": "section_8",
        "related_sections": [
          "section_2",
          "section_6",
          "section_7"
        ],
        "evidence_type": "image",
        "tags": [
          "evidence_index",
          "media",
          "photo",
          "video",
          "image"
        ],
        "classification_method": "keyword_rules",
        "confidence": 0.88,
        "routing_notes": "Image file routed to Section 8 media catalog",
        "dependencies_cleared": true,
        "pending_dependencies": false,
        "user_name": "welding school acceptance.png"
      },
      "assigned_section": "section_8",
      "section_title": "Photo & Video Evidence Index",
      "section_tags": [
        "media",
        "photo",
        "video",
        "evidence-index"
      ],
      "timestamp": "2025-10-03T14:31:21.509890",
      "status": "indexed",
      "file_size": 345069,
      "file_type": ".png",
      "section_hint": "section_8",
      "source": "handoff_to_gateway",
      "tags": [
        "evidence_index",
        "media",
        "photo",
        "video",
        "image"
      ],
      "category": "media_photo",
      "related_sections": [
        "section_2",
        "section_6",
        "section_7"
      ],
      "history": [
        {
          "event": "evidence.updated",
          "timestamp": "2025-10-03T14:31:21.509890"
        }
      ],
      "last_event": "evidence.updated",
      "last_updated": "2025-10-03T14:31:21.509890"
    },
    {
      "evidence_id": "evidence_0003",
      "file_path": "E:\\DKI Services Case Oct-Dec 24\\.Completed Files\\Vargas, Ulesis\\subject info.png",
      "classification": {
        "assigned_section": "section_8",
        "related_sections": [
          "section_2",
          "section_6",
          "section_7"
        ],
        "evidence_type": "image",
        "tags": [
          "evidence_index",
          "media",
          "photo",
          "video",
          "image"
        ],
        "classification_method": "keyword_rules",
        "confidence": 0.88,
        "routing_notes": "Image file routed to Section 8 media catalog",
        "dependencies_cleared": true,
        "pending_dependencies": false,
        "user_name": "subject info.png"
      },
      "assigned_section": "section_8",
      "section_title": "Photo & Video Evidence Index",
      "section_tags": [
        "media",
        "photo",
        "video",
        "evidence-index"
      ],
      "timestamp": "2025-10-03T14:31:31.328312",
      "status": "indexed",
      "file_size": 85231,
      "file_type": ".png",
      "section_hint": "section_8",
      "source": "handoff_to_gateway",
      "tags": [
        "evidence_index",
        "media",
        "photo",
        "video",
        "image"
      ],
      "category": "media_photo",
      "related_sections": [
        "section_2",
        "section_6",
        "section_7"
      ],
      "history": [
        {
          "event": "evidence.updated",
          "timestamp": "2025-10-03T14:31:31.328312"
        }
      ],
      "last_event": "evidence.updated",
      "last_updated": "2025-10-03T14:31:31.328312"
    },
    {
      "evidence_id": "evidence_0004",
      "file_path": "E:\\DKI Services Case Oct-Dec 24\\.Completed Files\\Vargas, Ulesis\\Screenshot_1.png",
      "classification": {
        "assigned_section": "section_8",
        "related_sections": [
          "section_2",
          "section_6",
          "section_7"
        ],
        "evidence_type": "image",
        "tags": [
          "evidence_index",
          "media",
          "photo",
          "video",
          "image"
        ],
        "classification_method": "keyword_rules",
        "confidence": 0.88,
        "routing_notes": "Image file routed to Section 8 media catalog",
        "dependencies_cleared": true,
        "pending_dependencies": false,
        "user_name": "Screenshot_1.png"
      },
      "assigned_section": "section_8",
      "section_title": "Photo & Video Evidence Index",
      "section_tags": [
        "media",
        "photo",
        "video",
        "evidence-index"
      ],
      "timestamp": "2025-10-03T14:31:36.742418",
      "status": "indexed",
      "file_size": 1216622,
      "file_type": ".png",
      "section_hint": "section_8",
      "source": "handoff_to_gateway",
      "tags": [
        "evidence_index",
        "media",
        "photo",
        "video",
        "image"
      ],
      "category": "media_photo",
      "related_sections": [
        "section_2",
        "section_6",
        "section_7"
      ],
      "history": [
        {
          "event": "evidence.updated",
          "timestamp": "2025-10-03T14:31:36.742418"
        }
      ],
      "last_event": "evidence.updated",
      "last_updated": "2025-10-03T14:31:36.742418"
    },
    {
      "evidence_id": "evidence_0005",
      "file_path": "E:\\DKI Services Case Oct-Dec 24\\.Completed Files\\Vargas, Ulesis\\MEGHAN ASHLEY BRYAN-Comprehensive-Report-202507071428.pdf",
      "classification": {
        "assigned_section": "section_5",
        "related_sections": [
          "section_7"
        ],
        "evidence_type": "document",
        "tags": [
          "compliance",
          "document",
          "records",
          "reference",
          "supporting-documents"
        ],
        "classification_method": "keyword_rules",
        "confidence": 0.6,
        "routing_notes": "General document routed to appendix",
        "dependencies_cleared": true,
        "pending_dependencies": false,
        "user_name": "MEGHAN ASHLEY BRYAN-Comprehensive-Report-202507071428.pdf"
      },
      "assigned_section": "section_5",
      "section_title": "Supporting Documents Review",
      "section_tags": [
        "supporting-documents",
        "records",
        "compliance",
        "reference"
      ],
      "timestamp": "2025-10-03T14:31:41.495902",
      "status": "indexed",
      "file_size": 355904,
      "file_type": ".pdf",
      "section_hint": "section_5",
      "source": "handoff_to_gateway",
      "tags": [
        "compliance",
        "document",
        "records",
        "reference",
        "supporting_documents",
        "disclosure"
      ],
      "category": "disclosure",
      "related_sections": [
        "section_5"
      ],
      "history": [
        {
          "event": "evidence.updated",
          "timestamp": "2025-10-03T14:31:41.495902"
        }
      ],
      "last_event": "evidence.updated",
      "last_updated": "2025-10-03T14:31:41.495902"
    },
    {
      "evidence_id": "evidence_0006",
      "file_path": "E:\\DKI Services Case Oct-Dec 24\\.Completed Files\\Vargas, Ulesis\\FL-210 Summons.pdf",
      "classification": {
        "assigned_section": "section_5",
        "related_sections": [
          "section_7"
        ],
        "evidence_type": "document",
        "tags": [
          "compliance",
          "document",
          "records",
          "reference",
          "supporting-documents"
        ],
        "classification_method": "keyword_rules",
        "confidence": 0.6,
        "routing_notes": "General document routed to appendix",
        "dependencies_cleared": true,
        "pending_dependencies": false,
        "user_name": "FL-210 Summons.pdf"
      },
      "assigned_section": "section_5",
      "section_title": "Supporting Documents Review",
      "section_tags": [
        "supporting-documents",
        "records",
        "compliance",
        "reference"
      ],
      "timestamp": "2025-10-03T14:31:45.837767",
      "status": "indexed",
      "file_size": 1136669,
      "file_type": ".pdf",
      "section_hint": "section_5",
      "source": "handoff_to_gateway",
      "tags": [
        "compliance",
        "document",
        "records",
        "reference",
        "supporting_documents",
        "disclosure"
      ],
      "category": "disclosure",
      "related_sections": [
        "section_5"
      ],
      "history": [
        {
          "event": "evidence.updated",
          "timestamp": "2025-10-03T14:31:45.837767"
        }
      ],
      "last_event": "evidence.updated",
      "last_updated": "2025-10-03T14:31:45.837767"
    },
    {
      "evidence_id": "evidence_0007",
      "file_path": "E:\\DKI Services Case Oct-Dec 24\\.Completed Files\\Vargas, Ulesis\\FL-200 Petition to Determine Paternal Relationship VARGAS.pdf",
      "classification": {
        "assigned_section": "section_5",
        "related_sections": [
          "section_7"
        ],
        "evidence_type": "document",
        "tags": [
          "compliance",
          "document",
          "records",
          "reference",
          "supporting-documents"
        ],
        "classification_method": "keyword_rules",
        "confidence": 0.6,
        "routing_notes": "General document routed to appendix",
        "dependencies_cleared": true,
        "pending_dependencies": false,
        "user_name": "FL-200 Petition to Determine Paternal Relationship VARGAS.pdf"
      },
      "assigned_section": "section_5",
      "section_title": "Supporting Documents Review",
      "section_tags": [
        "supporting-documents",
        "records",
        "compliance",
        "reference"
      ],
      "timestamp": "2025-10-03T14:31:51.996089",
      "status": "indexed",
      "file_size": 924833,
      "file_type": ".pdf",
      "section_hint": "section_5",
      "source": "handoff_to_gateway",
      "tags": [
        "compliance",
        "document",
        "records",
        "reference",
        "supporting_documents",
        "disclosure"
      ],
      "category": "disclosure",
      "related_sections": [
        "section_5"
      ],
      "history": [
        {
          "event": "evidence.updated",
          "timestamp": "2025-10-03T14:31:51.996089"
        }
      ],
      "last_event": "evidence.updated",
      "last_updated": "2025-10-03T14:31:51.996089"
    },
    {
      "evidence_id": "evidence_0008",
      "file_path": "E:\\DKI Services Case Oct-Dec 24\\.Completed Files\\Vargas, Ulesis\\FL-105 UCCJEA.pdf",
      "classification": {
        "assigned_section": "section_5",
        "related_sections": [
          "section_7"
        ],
        "evidence_type": "document",
        "tags": [
          "compliance",
          "document",
          "records",
          "reference",
          "supporting-documents"
        ],
        "classification_method": "keyword_rules",
        "confidence": 0.6,
        "routing_notes": "General document routed to appendix",
        "dependencies_cleared": true,
        "pending_dependencies": false,
        "user_name": "FL-105 UCCJEA.pdf"
      },
      "assigned_section": "section_5",
      "section_title": "Supporting Documents Review",
      "section_tags": [
        "supporting-documents",
        "records",
        "compliance",
        "reference"
      ],
      "timestamp": "2025-10-03T14:31:57.161336",
      "status": "indexed",
      "file_size": 989765,
      "file_type": ".pdf",
      "section_hint": "section_5",
      "source": "handoff_to_gateway",
      "tags": [
        "compliance",
        "document",
        "records",
        "reference",
        "supporting_documents",
        "disclosure"
      ],
      "category": "disclosure",
      "related_sections": [
        "section_5"
      ],
      "history": [
        {
          "event": "evidence.updated",
          "timestamp": "2025-10-03T14:31:57.161336"
        }
      ],
      "last_event": "evidence.updated",
      "last_updated": "2025-10-03T14:31:57.161336"
    },
    {
      "evidence_id": "evidence_0009",
      "file_path": "E:\\DKI Services Case Oct-Dec 24\\.Completed Files\\Vargas, Ulesis\\Contract & New Client Intake.pdf",
      "classification": {
        "assigned_section": "section_1",
        "related_sections": [
          "section_2",
          "section_5",
          "section_7"
        ],
        "evidence_type": "document",
        "tags": [
          "background",
          "client",
          "client_data",
          "intake",
          "objectives",
          "subject",
          "intake_form"
        ],
        "classification_method": "keyword_rules",
        "confidence": 0.85,
        "routing_notes": "Intake form detected via filename keywords",
        "dependencies_cleared": true,
        "pending_dependencies": false,
        "user_name": "Contract & New Client Intake.pdf"
      },
      "assigned_section": "section_1",
      "section_title": "Case Objectives & Intake",
      "section_tags": [
        "objectives",
        "intake",
        "client",
        "subject",
        "background"
      ],
      "timestamp": "2025-10-03T14:32:02.703566",
      "status": "indexed",
      "file_size": 1189048,
      "file_type": ".pdf",
      "section_hint": "section_1",
      "source": "handoff_to_gateway",
      "tags": [
        "background",
        "client",
        "client_data",
        "intake",
        "objectives",
        "subject",
        "intake_form"
      ],
      "category": "intake",
      "related_sections": [
        "section_5",
        "section_7"
      ],
      "history": [
        {
          "event": "evidence.updated",
          "timestamp": "2025-10-03T14:32:02.703566"
        }
      ],
      "last_event": "evidence.updated",
      "last_updated": "2025-10-03T14:32:02.703566"
    },
    {
      "evidence_id": "evidence_0010",
      "file_path": "E:\\DKI Services Case Oct-Dec 24\\.Completed Files\\Vargas, Ulesis\\addresss.png",
      "classification": {
        "assigned_section": "section_8",
        "related_sections": [
          "section_2",
          "section_6",
          "section_7"
        ],
        "evidence_type": "image",
        "tags": [
          "evidence_index",
          "media",
          "photo",
          "video",
          "image"
        ],
        "classification_method": "keyword_rules",
        "confidence": 0.88,
        "routing_notes": "Image file routed to Section 8 media catalog",
        "dependencies_cleared": true,
        "pending_dependencies": false,
        "user_name": "addresss.png"
      },
      "assigned_section": "section_8",
      "section_title": "Photo & Video Evidence Index",
      "section_tags": [
        "media",
        "photo",
        "video",
        "evidence-index"
      ],
      "timestamp": "2025-10-03T14:32:07.501123",
      "status": "indexed",
      "file_size": 28032,
      "file_type": ".png",
      "section_hint": "section_8",
      "source": "handoff_to_gateway",
      "tags": [
        "evidence_index",
        "media",
        "photo",
        "video",
        "image"
      ],
      "category": "media_photo",
      "related_sections": [
        "section_2",
        "section_6",
        "section_7"
      ],
      "history": [
        {
          "event": "evidence.updated",
          "timestamp": "2025-10-03T14:32:07.501123"
        }
      ],
      "last_event": "evidence.updated",
      "last_updated": "2025-10-03T14:32:07.501123"
    },
    {
      "evidence_id": "evidence_0011",
      "file_path": "E:\\DKI Services Case Oct-Dec 24\\.Completed Files\\Vargas, Ulesis\\welding school cert.jpg",
      "classification": {
        "assigned_section": "section_8",
        "related_sections": [
          "section_2",
          "section_6",
          "section_7"
        ],
        "evidence_type": "image",
        "tags": [
          "evidence-index",
          "media",
          "photo",
          "video"
        ],
        "classification_method": "keyword_rules",
        "confidence": 0.88,
        "routing_notes": "Image file routed to Section 8 media catalog",
        "dependencies_cleared": true,
        "pending_dependencies": false,
        "user_name": "welding school cert.jpg"
      },
      "assigned_section": "section_8",
      "section_title": "Photo & Video Evidence Index",
      "section_tags": [
        "media",
        "photo",
        "video",
        "evidence-index"
      ],
      "timestamp": "2025-10-03T14:53:51.138992",
      "status": "indexed",
      "file_size": 672350,
      "file_type": ".jpg",
      "section_hint": "section_8",
      "source": "handoff_to_gateway",
      "tags": [
        "evidence_index",
        "media",
        "photo",
        "video",
        "image"
      ],
      "category": "media_photo",
      "related_sections": [
        "section_2",
        "section_6",
        "section_7"
      ],
      "history": [
        {
          "event": "evidence.updated",
          "timestamp": "2025-10-03T14:53:51.138992"
        }
      ],
      "last_event": "evidence.updated",
      "last_updated": "2025-10-03T14:53:51.138992"
    },
    {
      "evidence_id": "evidence_0012",
      "file_path": "E:\\DKI Services Case Oct-Dec 24\\.Completed Files\\Vargas, Ulesis\\new client intaike form.pdf",
      "classification": {
        "assigned_section": "section_5",
        "related_sections": [
          "section_7"
        ],
        "evidence_type": "document",
        "tags": [
          "compliance",
          "document",
          "records",
          "reference",
          "supporting_documents",
          "disclosure"
        ],
        "classification_method": "keyword_rules",
        "confidence": 0.6,
        "routing_notes": "General document routed to appendix",
        "dependencies_cleared": true,
        "pending_dependencies": false,
        "user_name": "new client intaike form.pdf"
      },
      "assigned_section": "section_5",
      "section_title": "Supporting Documents Review",
      "section_tags": [
        "supporting-documents",
        "records",
        "compliance",
        "reference"
      ],
      "timestamp": "2025-10-03T16:22:45.119730",
      "status": "indexed",
      "file_size": 650255,
      "file_type": ".pdf",
      "section_hint": "section_5",
      "source": "handoff_to_gateway",
      "tags": [
        "compliance",
        "document",
        "records",
        "reference",
        "supporting_documents",
        "disclosure"
      ],
      "category": "disclosure",
      "related_sections": [
        "section_5"
      ],
      "history": [
        {
          "event": "evidence.updated",
          "timestamp": "2025-10-03T16:22:45.119730"
        }
      ],
      "last_event": "evidence.updated",
      "last_updated": "2025-10-03T16:22:45.119730"
    },
    {
      "evidence_id": "evidence_0013",
      "file_path": "E:\\DKI Services Case Oct-Dec 24\\.Completed Files\\Vargas, Ulesis\\welding school cert.jpg",
      "classification": {
        "assigned_section": "section_8",
        "related_sections": [
          "section_2",
          "section_6",
          "section_7"
        ],
        "evidence_type": "image",
        "tags": [
          "evidence_index",
          "media",
          "photo",
          "video",
          "image"
        ],
        "classification_method": "keyword_rules",
        "confidence": 0.88,
        "routing_notes": "Image file routed to Section 8 media catalog",
        "dependencies_cleared": true,
        "pending_dependencies": false,
        "user_name": "welding school cert.jpg"
      },
      "assigned_section": "section_8",
      "section_title": "Photo & Video Evidence Index",
      "section_tags": [
        "media",
        "photo",
        "video",
        "evidence-index"
      ],
      "timestamp": "2025-10-03T16:22:48.478321",
      "status": "indexed",
      "file_size": 672350,
      "file_type": ".jpg",
      "section_hint": "section_8",
      "source": "handoff_to_gateway",
      "tags": [
        "evidence_index",
        "media",
        "photo",
        "video",
        "image"
      ],
      "category": "media_photo",
      "related_sections": [
        "section_2",
        "section_6",
        "section_7"
      ],
      "history": [
        {
          "event": "evidence.updated",
          "timestamp": "2025-10-03T16:22:48.478321"
        }
      ],
      "last_event": "evidence.updated",
      "last_updated": "2025-10-03T16:22:48.478321"
    },
    {
      "evidence_id": "evidence_0014",
      "file_path": "E:\\DKI Services Case Oct-Dec 24\\.Completed Files\\Vargas, Ulesis\\welding school acceptance.png",
      "classification": {
        "assigned_section": "section_8",
        "related_sections": [
          "section_2",
          "section_6",
          "section_7"
        ],
        "evidence_type": "image",
        "tags": [
          "evidence_index",
          "media",
          "photo",
          "video",
          "image"
        ],
        "classification_method": "keyword_rules",
        "confidence": 0.88,
        "routing_notes": "Image file routed to Section 8 media catalog",
        "dependencies_cleared": true,
        "pending_dependencies": false,
        "user_name": "welding school acceptance.png"
      },
      "assigned_section": "section_8",
      "section_title": "Photo & Video Evidence Index",
      "section_tags": [
        "media",
        "photo",
        "video",
        "evidence-index"
      ],
      "timestamp": "2025-10-03T16:22:54.069907",
      "status": "indexed",
      "file_size": 345069,
      "file_type": ".png",
      "section_hint": "section_8",
      "source": "handoff_to_gateway",
      "tags": [
        "evidence_index",
        "media",
        "photo",
        "video",
        "image"
      ],
      "category": "media_photo",
      "related_sections": [
        "section_2",
        "section_6",
        "section_7"
      ],
      "history": [
        {
          "event": "evidence.updated",
          "timestamp": "2025-10-03T16:22:54.069907"
        }
      ],
      "last_event": "evidence.updated",
      "last_updated": "2025-10-03T16:22:54.069907"
    },
    {
      "evidence_id": "evidence_0015",
      "file_path": "E:\\DKI Services Case Oct-Dec 24\\.Completed Files\\Vargas, Ulesis\\subject info.png",
      "classification": {
        "assigned_section": "section_8",
        "related_sections": [
          "section_2",
          "section_6",
          "section_7"
        ],
        "evidence_type": "image",
        "tags": [
          "evidence_index",
          "media",
          "photo",
          "video",
          "image"
        ],
        "classification_method": "keyword_rules",
        "confidence": 0.88,
        "routing_notes": "Image file routed to Section 8 media catalog",
        "dependencies_cleared": true,
        "pending_dependencies": false,
        "user_name": "subject info.png"
      },
      "assigned_section": "section_8",
      "section_title": "Photo & Video Evidence Index",
      "section_tags": [
        "media",
        "photo",
        "video",
        "evidence-index"
      ],
      "timestamp": "2025-10-03T16:22:58.445614",
      "status": "indexed",
      "file_size": 85231,
      "file_type": ".png",
      "section_hint": "section_8",
      "source": "handoff_to_gateway",
      "tags": [
        "evidence_index",
        "media",
        "photo",
        "video",
        "image"
      ],
      "category": "media_photo",
      "related_sections": [
        "section_2",
        "section_6",
        "section_7"
      ],
      "history": [
        {
          "event": "evidence.updated",
          "timestamp": "2025-10-03T16:22:58.445614"
        }
      ],
      "last_event": "evidence.updated",
      "last_updated": "2025-10-03T16:22:58.445614"
    },
    {
      "evidence_id": "evidence_0016",
      "file_path": "E:\\DKI Services Case Oct-Dec 24\\.Completed Files\\Vargas, Ulesis\\MEGHAN ASHLEY BRYAN-Comprehensive-Report-202507071428.pdf",
      "classification": {
        "assigned_section": "section_5",
        "related_sections": [
          "section_7"
        ],
        "evidence_type": "document",
        "tags": [
          "compliance",
          "document",
          "records",
          "reference",
          "supporting_documents",
          "disclosure"
        ],
        "classification_method": "keyword_rules",
        "confidence": 0.6,
        "routing_notes": "General document routed to appendix",
        "dependencies_cleared": true,
        "pending_dependencies": false,
        "user_name": "MEGHAN ASHLEY BRYAN-Comprehensive-Report-202507071428.pdf"
      },
      "assigned_section": "section_5",
      "section_title": "Supporting Documents Review",
      "section_tags": [
        "supporting-documents",
        "records",
        "compliance",
        "reference"
      ],
      "timestamp": "2025-10-03T16:23:04.891354",
      "status": "indexed",
      "file_size": 355904,
      "file_type": ".pdf",
      "section_hint": "section_5",
      "source": "handoff_to_gateway",
      "tags": [
        "compliance",
        "document",
        "records",
        "reference",
        "supporting_documents",
        "disclosure"
      ],
      "category": "disclosure",
      "related_sections": [
        "section_5"
      ],
      "history": [
        {
          "event": "evidence.updated",
          "timestamp": "2025-10-03T16:23:04.891354"
        }
      ],
      "last_event": "evidence.updated",
      "last_updated": "2025-10-03T16:23:04.891354"
    },
    {
      "evidence_id": "evidence_0017",
      "file_path": "E:\\DKI Services Case Oct-Dec 24\\.Completed Files\\Vargas, Ulesis\\FL-210 Summons.pdf",
      "classification": {
        "assigned_section": "section_5",
        "related_sections": [
          "section_7"
        ],
        "evidence_type": "document",
        "tags": [
          "compliance",
          "document",
          "records",
          "reference",
          "supporting_documents",
          "disclosure"
        ],
        "classification_method": "keyword_rules",
        "confidence": 0.6,
        "routing_notes": "General document routed to appendix",
        "dependencies_cleared": true,
        "pending_dependencies": false,
        "user_name": "FL-210 Summons.pdf"
      },
      "assigned_section": "section_5",
      "section_title": "Supporting Documents Review",
      "section_tags": [
        "supporting-documents",
        "records",
        "compliance",
        "reference"
      ],
      "timestamp": "2025-10-03T16:23:09.426144",
      "status": "indexed",
      "file_size": 1136669,
      "file_type": ".pdf",
      "section_hint": "section_5",
      "source": "handoff_to_gateway",
      "tags": [
        "compliance",
        "document",
        "records",
        "reference",
        "supporting_documents",
        "disclosure"
      ],
      "category": "disclosure",
      "related_sections": [
        "section_5"
      ],
      "history": [
        {
          "event": "evidence.updated",
          "timestamp": "2025-10-03T16:23:09.426144"
        }
      ],
      "last_event": "evidence.updated",
      "last_updated": "2025-10-03T16:23:09.426144"
    },
    {
      "evidence_id": "evidence_0018",
      "file_path": "E:\\DKI Services Case Oct-Dec 24\\.Completed Files\\Vargas, Ulesis\\Skip Tracing & Process Service Investigation - signed.pdf",
      "classification": {
        "assigned_section": "section_5",
        "related_sections": [
          "section_7"
        ],
        "evidence_type": "document",
        "tags": [
          "compliance",
          "document",
          "records",
          "reference",
          "supporting_documents",
          "disclosure"
        ],
        "classification_method": "keyword_rules",
        "confidence": 0.6,
        "routing_notes": "General document routed to appendix",
        "dependencies_cleared": true,
        "pending_dependencies": false,
        "user_name": "Skip Tracing & Process Service Investigation - signed.pdf"
      },
      "assigned_section": "section_5",
      "section_title": "Supporting Documents Review",
      "section_tags": [
        "supporting-documents",
        "records",
        "compliance",
        "reference"
      ],
      "timestamp": "2025-10-03T16:23:15.005522",
      "status": "indexed",
      "file_size": 1189048,
      "file_type": ".pdf",
      "section_hint": "section_5",
      "source": "handoff_to_gateway",
      "tags": [
        "compliance",
        "document",
        "records",
        "reference",
        "supporting_documents",
        "disclosure"
      ],
      "category": "disclosure",
      "related_sections": [
        "section_5"
      ],
      "history": [
        {
          "event": "evidence.updated",
          "timestamp": "2025-10-03T16:23:15.005522"
        }
      ],
      "last_event": "evidence.updated",
      "last_updated": "2025-10-03T16:23:15.005522"
    },
    {
      "evidence_id": "evidence_0019",
      "file_path": "E:\\DKI Services Case Oct-Dec 24\\.Completed Files\\Vargas, Ulesis\\FL-200 Petition to Determine Paternal Relationship VARGAS.pdf",
      "classification": {
        "assigned_section": "section_5",
        "related_sections": [
          "section_7"
        ],
        "evidence_type": "document",
        "tags": [
          "compliance",
          "document",
          "records",
          "reference",
          "supporting_documents",
          "disclosure"
        ],
        "classification_method": "keyword_rules",
        "confidence": 0.6,
        "routing_notes": "General document routed to appendix",
        "dependencies_cleared": true,
        "pending_dependencies": false,
        "user_name": "FL-200 Petition to Determine Paternal Relationship VARGAS.pdf"
      },
      "assigned_section": "section_5",
      "section_title": "Supporting Documents Review",
      "section_tags": [
        "supporting-documents",
        "records",
        "compliance",
        "reference"
      ],
      "timestamp": "2025-10-03T16:23:28.803495",
      "status": "indexed",
      "file_size": 924833,
      "file_type": ".pdf",
      "section_hint": "section_5",
      "source": "handoff_to_gateway",
      "tags": [
        "compliance",
        "document",
        "records",
        "reference",
        "supporting_documents",
        "disclosure"
      ],
      "category": "disclosure",
      "related_sections": [
        "section_5"
      ],
      "history": [
        {
          "event": "evidence.updated",
          "timestamp": "2025-10-03T16:23:28.803495"
        }
      ],
      "last_event": "evidence.updated",
      "last_updated": "2025-10-03T16:23:28.803495"
    },
    {
      "evidence_id": "evidence_0020",
      "file_path": "E:\\DKI Services Case Oct-Dec 24\\.Completed Files\\Vargas, Ulesis\\FL-105 UCCJEA.pdf",
      "classification": {
        "assigned_section": "section_5",
        "related_sections": [
          "section_7"
        ],
        "evidence_type": "document",
        "tags": [
          "compliance",
          "document",
          "records",
          "reference",
          "supporting_documents",
          "disclosure"
        ],
        "classification_method": "keyword_rules",
        "confidence": 0.6,
        "routing_notes": "General document routed to appendix",
        "dependencies_cleared": true,
        "pending_dependencies": false,
        "user_name": "FL-105 UCCJEA.pdf"
      },
      "assigned_section": "section_5",
      "section_title": "Supporting Documents Review",
      "section_tags": [
        "supporting-documents",
        "records",
        "compliance",
        "reference"
      ],
      "timestamp": "2025-10-03T16:23:35.024768",
      "status": "indexed",
      "file_size": 989765,
      "file_type": ".pdf",
      "section_hint": "section_5",
      "source": "handoff_to_gateway",
      "tags": [
        "compliance",
        "document",
        "records",
        "reference",
        "supporting_documents",
        "disclosure"
      ],
      "category": "disclosure",
      "related_sections": [
        "section_5"
      ],
      "history": [
        {
          "event": "evidence.updated",
          "timestamp": "2025-10-03T16:23:35.024768"
        }
      ],
      "last_event": "evidence.updated",
      "last_updated": "2025-10-03T16:23:35.024768"
    },
    {
      "evidence_id": "evidence_0021",
      "file_path": "E:\\DKI Services Case Oct-Dec 24\\.Completed Files\\Vargas, Ulesis\\facebook post - halloween.jpg",
      "classification": {
        "assigned_section": "section_8",
        "related_sections": [
          "section_2",
          "section_6",
          "section_7"
        ],
        "evidence_type": "image",
        "tags": [
          "evidence_index",
          "media",
          "photo",
          "video",
          "image"
        ],
        "classification_method": "keyword_rules",
        "confidence": 0.88,
        "routing_notes": "Image file routed to Section 8 media catalog",
        "dependencies_cleared": true,
        "pending_dependencies": false,
        "user_name": "facebook post - halloween.jpg"
      },
      "assigned_section": "section_8",
      "section_title": "Photo & Video Evidence Index",
      "section_tags": [
        "media",
        "photo",
        "video",
        "evidence-index"
      ],
      "timestamp": "2025-10-03T16:23:41.601169",
      "status": "indexed",
      "file_size": 30339,
      "file_type": ".jpg",
      "section_hint": "section_8",
      "source": "handoff_to_gateway",
      "tags": [
        "evidence_index",
        "media",
        "photo",
        "video",
        "image"
      ],
      "category": "media_photo",
      "related_sections": [
        "section_2",
        "section_6",
        "section_7"
      ],
      "history": [
        {
          "event": "evidence.updated",
          "timestamp": "2025-10-03T16:23:41.601169"
        }
      ],
      "last_event": "evidence.updated",
      "last_updated": "2025-10-03T16:23:41.601169"
    },
    {
      "evidence_id": "evidence_0022",
      "file_path": "E:\\DKI Services Case Oct-Dec 24\\.Completed Files\\Vargas, Ulesis\\addresss.png",
      "classification": {
        "assigned_section": "section_8",
        "related_sections": [
          "section_2",
          "section_6",
          "section_7"
        ],
        "evidence_type": "image",
        "tags": [
          "evidence-index",
          "media",
          "photo",
          "video"
        ],
        "classification_method": "keyword_rules",
        "confidence": 0.88,
        "routing_notes": "Image file routed to Section 8 media catalog",
        "dependencies_cleared": true,
        "pending_dependencies": false,
        "user_name": "addresss.png"
      },
      "assigned_section": "section_8",
      "section_title": "Photo & Video Evidence Index",
      "section_tags": [
        "media",
        "photo",
        "video",
        "evidence-index"
      ],
      "timestamp": "2025-10-03T16:23:46.919601",
      "status": "indexed",
      "file_size": 28032,
      "file_type": ".png",
      "section_hint": "section_8",
      "source": "handoff_to_gateway",
      "tags": [
        "evidence_index",
        "media",
        "photo",
        "video",
        "image"
      ],
      "category": "media_photo",
      "related_sections": [
        "section_2",
        "section_6",
        "section_7"
      ],
      "history": [
        {
          "event": "evidence.updated",
          "timestamp": "2025-10-03T16:23:46.919601"
        }
      ],
      "last_event": "evidence.updated",
      "last_updated": "2025-10-03T16:23:46.919601"
    },
    {
      "evidence_id": "evidence_0023",
      "file_path": "E:\\DKI Services Case Oct-Dec 24\\.Completed Files\\Vargas, Ulesis\\new client intaike form.pdf",
      "classification": {
        "assigned_section": "section_5",
        "related_sections": [
          "section_7"
        ],
        "evidence_type": "document",
        "tags": [
          "compliance",
          "document",
          "records",
          "reference",
          "supporting-documents"
        ],
        "classification_method": "keyword_rules",
        "confidence": 0.6,
        "routing_notes": "General document routed to appendix",
        "dependencies_cleared": true,
        "pending_dependencies": false,
        "user_name": "new client intaike form.pdf"
      },
      "assigned_section": "section_5",
      "section_title": "Supporting Documents Review",
      "section_tags": [
        "supporting-documents",
        "records",
        "compliance",
        "reference"
      ],
      "timestamp": "2025-10-03T16:23:51.847928",
      "status": "indexed",
      "file_size": 650255,
      "file_type": ".pdf",
      "section_hint": "section_5",
      "source": "handoff_to_gateway",
      "tags": [
        "compliance",
        "document",
        "records",
        "reference",
        "supporting_documents",
        "disclosure"
      ],
      "category": "disclosure",
      "related_sections": [
        "section_5"
      ],
      "history": [
        {
          "event": "evidence.updated",
          "timestamp": "2025-10-03T16:23:51.847928"
        }
      ],
      "last_event": "evidence.updated",
      "last_updated": "2025-10-03T16:23:51.847928"
    }
  ]
}